ID;ISTAT_PROVINCIA;PROVINCIA;ISTAT;COMUNE;DENOMINAZIONE_DEL_MERCATO;INDIRIZZI;PERIODICITA_DEL_MERCATO;GIORNO_DI_MERCATO;FREQUENZA_SETTIMANALE;DALLE_ORE_ESTIVO;ALLE_ORE_ESTIVO;DAL;AL;ANNO_ISTITUZIONE_MERCATO;ISTITUZIONE_ALTRO_RIFERIMENTO_TEMPORALE;N_POST_ALIM;N_POST_NON_ALIM;N_POST_TOT;SUP_POST_NON_ALIM;SUP_POST_ALIM;SUP_POST_TOT;POSTI_DEST_PRODOTTI_TIPICI_LOMBARDI;POSTI_DEST_PRODOTTI_AGRICOLI;POSTI_DEST_PRODOTTI_FLOROVIVAISTICI
100574;15;MI;15192;SAN DONATO MILANESE;PIAZZA SANTA BARBARA;PIAZZA SANTA BARBARA;SETTIMANALE;MARTEDÌ;;08:00;13:30;;;1980;;8;17;25;535;260;795;0;1;0
100336;15;MI;15011;ASSAGO;VIA CORSICA;CORSICA;SETTIMANALE;GIOVEDÌ;;08:00;13:30;;;1997;;12;21;33;587.4;387;974.4;0;0;1
204616;15;MI;15113;INVERUNO;FIERA ANNUALE DI S. ANGELO;CENTRO CITTADINO;STAGIONALE;LUNEDÌ;;07:30;19:00;;;1933;;40;182;222;6433.67;1335.4;7769.07;0;0;0
100405;15;MI;15106;GESSATE;VIA A. MORO (SABATO);A. MORO, S.N.C;SETTIMANALE;SABATO;;08:30;13:30;;;2012;;17;14;31;555;740;1295;0;0;0
100404;15;MI;15106;GESSATE;VIA A. MORO (MARTEDI);MARTEDÌ, S.N.C;SETTIMANALE;MARTEDÌ;;08:30;13:30;;;1982;;29;17;46;655;1115;1770;0;2;1
440855;15;MI;15011;ASSAGO;VIA MATTEOTTI/ L. DA VINCI;VIA MATTEOTTI;SETTIMANALE;SABATO;;08:00;13:30;;;2012;;11;8;19;305;440;745;5;0;0
22084;15;MI;15209;SESTO SAN GIOVANNI;SESTO VECCHIO;P.GUERRA/CAIROLI/PADRE RAVASI;SETTIMANALE;SABATO;;07:00;13:00;;;;;32;81;113;2668;1065;3733;0;1;0
447082;15;MI;15113;INVERUNO;FIERA ANNUALE SAN MARTINO;CENTRO CITTADINO;STAGIONALE;DOMENICA;;;;;;1608;;40;182;222;6433.67;1335.4;7769.07;0;0;0
100560;15;MI;15182;RHO;MERCATO DI PIAZZA MARINAI D'ITALIA;PIAZZA MARINAI D'ITALIA;SETTIMANALE;GIOVEDÌ;;06:00;14:00;01-gen;31-dic;1982;;10;18;28;587;432;1019;0;2;0
447082;15;MI;15113;INVERUNO;FIERA ANNUALE SAN MARTINO;CENTRO CITTADINO;STAGIONALE;SABATO;;;;;;1608;;40;182;222;6433.67;1335.4;7769.07;0;0;0
100560;15;MI;15182;RHO;MERCATO DI PIAZZA MARINAI D'ITALIA;PIAZZA MARINAI D'ITALIA;SETTIMANALE;MARTEDÌ;;14:30;19:30;01-gen;31-dic;1982;;10;18;28;587;432;1019;0;2;0
100354;15;MI;15036;BUCCINASCO;VIA TIZIANO;TIZIANO, SNC;SETTIMANALE;VENERDÌ;;08:00;13:00;;;;;29;45;74;1458;1042;2500;0;1;0
100359;15;MI;15046;CANEGRATE;PIAZZALE  DEI DONATORI;PIAZZA DONATORI;SETTIMANALE;SABATO;;08:00;13:00;01-gen;31-dic;1992;;11;22;33;640;304;944;0;1;0
447082;15;MI;15113;INVERUNO;FIERA ANNUALE SAN MARTINO;CENTRO CITTADINO;STAGIONALE;LUNEDÌ;;;;;;1608;;40;182;222;6433.67;1335.4;7769.07;0;0;0
9991400;15;MI;15110;GREZZAGO;MERCATO DI GREZZAGO DEL VENERDÌ POMERIGGIO;V. TOGLIATTI - P.ZA A. MORO;SETTIMANALE;VENERDÌ;;14:00;18:00;;;1995;;5;7;12;280;200;480;0;1;0
100626;15;MI;15242;VIMODRONE;VIA MATTEOTTI;MATTEOTTI;SETTIMANALE;VENERDÌ;;08:00;13:00;;;;CIRCA METàA'NOVECENTO;25;49;74;1365.48;630.26;1995.74;0;1;0
100625;15;MI;15242;VIMODRONE;VIA DELLA GUASTA;LEOPARDI;SETTIMANALE;MARTEDÌ;;08:00;13:00;;;;CIRCA 1950;7;4;11;140;245;385;0;0;0
529826;15;MI;15154;NERVIANO;MERCATO SANT'ILARIO;VIA MARIANI;SETTIMANALE;MERCOLEDÌ;;07:00;13:30;;;2006;;10;10;20;260;285;545;0;0;0
100527;15;MI;15154;NERVIANO;MERCATO CAPOLUOGO;VIA GIUSEPPE TONIOLO;SETTIMANALE;SABATO;;07:00;13:30;;;;primi '900;33;55;88;2152.5;1220;3372.5;0;1;0
100605;15;MI;15211;SETTIMO MILANESE;VIA AIRAGHI;VIA ANGELO AIRAGHI, SNC;SETTIMANALE;SABATO;;08:00;13:00;;;;2000;5;7;12;270;188;458;0;1;0
9991420;15;MI;15219;TREZZANO ROSA;MERCATO DI TREZZANO ROSA DEL SABATO;;;;;;;;;;;;;;;;;;;
100606;15;MI;15211;SETTIMO MILANESE;VIA BUOZZI;VIA BUOZZI, SNC;SETTIMANALE;MERCOLEDÌ;;08:00;13:00;;;;2000;16;55;71;1684;519;2203;0;2;0
100431;15;MI;15146;MILANO;BASTIONI PORTA NUOVA;BASTIONI DI PORTA NUOVA;SETTIMANALE;SABATO;;07:30;14:00;;;1999;;31;16;47;233.75;364.5;598.25;0;0;0
100435;15;MI;15146;MILANO;QUARTIERE OLMI;VIA DELLE BETULLE;SETTIMANALE;SABATO;;07:30;14:00;01-gen;31-dic;1998;;18;10;28;181.5;280;461.5;0;1;0
100476;15;MI;15146;MILANO;VIA GAETA;VIA GAETA;SETTIMANALE;MERCOLEDÌ;;07:30;14:00;01-gen;31-dic;2002;;53;94;147;1147.85;654.55;1802.4;0;1;0
100418;15;MI;15130;MAGENTA;PIAZZA MERCATO;PIAZZA MERCATO, SC;SETTIMANALE;LUNEDÌ;;08:00;13:00;01-gen;31-dic;1970;;42;185;227;5297;1452.25;6749.25;0;2;0
61973;15;MI;15087;CORNAREDO;PIAZZA DELLA LIBERTA';PIAZZA DELLA LIBERTA', SNC;SETTIMANALE;VENERDÌ;;07:30;13:30;;;;primi anni '70;21;67;88;2930;770;3700;0;1;0
100607;15;MI;15211;SETTIMO MILANESE;VIA CACCIATORI DELLE ALPI;VIA CACCIATORI DELLA ALPI , SNC;SETTIMANALE;LUNEDÌ;;08:00;13:00;;;;2000;4;2;6;80;160;240;0;0;0
100463;15;MI;15146;MILANO;VIA CURIEL;VIA EUGENIO CURIEL;SETTIMANALE;VENERDÌ;;07:30;14:00;01-gen;31-dic;1997;;40;44;84;899;793.5;1692.5;0;0;0
100607;15;MI;15211;SETTIMO MILANESE;VIA CACCIATORI DELLE ALPI;VIA CACCIATORI DELLA ALPI , SNC;SETTIMANALE;GIOVEDÌ;;08:00;13:00;;;;2000;4;2;6;80;160;240;0;0;0
100554;15;MI;15178;POZZUOLO MARTESANA;VIA  A. MORO;;;;;;;;;;;;;;;;;;;
100459;15;MI;15146;MILANO;VIA CESARIANO (LUNEDI);VIA CESARE CESARIANO;SETTIMANALE;LUNEDÌ;;07:30;14:00;01-gen;31-dic;1998;;35;21;56;318;487.5;805.5;0;1;0
100493;15;MI;15146;MILANO;VIA PASCARELLA;VIA CESARE PASCARELLA;SETTIMANALE;MARTEDÌ;;07:30;14:00;01-gen;31-dic;2000;;33;36;69;476;445.65;921.65;0;0;0
100342;15;MI;15024;BINASCO;VIE  MARTIRI D'UNGHERIA E VIRGILIO;;;;;;;;;;;;;;;;;;;
712335;15;MI;15175;PIOLTELLO;VIA GRANDI ANGOLO VIA GORIZIA;;;;;;;;;;;;;;;;;;;
100385;15;MI;15081;COLOGNO MONZESE;CAPOLUOGO;VIA CALABRIA;;;;;;;;;;;;;;;;;;
100371;15;MI;15070;CERNUSCO SUL NAVIGLIO;VIA BUONARROTI;VIA MICHELANGELO BUONARROTI;SETTIMANALE;MERCOLEDÌ;;07:30;13:00;;;1997;;40;163;203;3960;1440;5400;0;2;0
100576;15;MI;15192;SAN DONATO MILANESE;VIA GRAMSCI;VIA ANTONIO GRAMSCI;SETTIMANALE;VENERDÌ;;08:00;13:30;;;1972;;24;71;95;2041;665;2706;0;1;0
529463;15;MI;15213;SOLARO;PIAZZA LIBERTA';PIAZZA DELLA LIBERTA';SETTIMANALE;GIOVEDÌ;;08:00;13:00;;;;ANNI 2000;16;33;49;1120;488;1608;0;0;3
100349;15;MI;15027;BOLLATE;MERCATO DEL MERCOLEDÌ;VIA VERBANIA;SETTIMANALE;MERCOLEDÌ;;08:00;13:00;;;;primi anni '70;5;6;11;180;165;345;0;1;0
640974;15;MI;15195;SAN GIULIANO MILANESE;MERCATO DI VIA FRATELLI CERVI;VIALE FRATELLI CERVI;SETTIMANALE;VENERDÌ;;07:30;13:30;;;2008;;8;14;22;392;224;616;0;1;0
960;15;MI;15173;PIEVE EMANUELE;VIA FIZZONASCO;;;;;;;;;;;;;;;;;;;
100582;15;MI;15201;SAN VITTORE OLONA;PIAZZA ALDO MORO;;;;;;;;;;;;;;;;;;;
100494;15;MI;15146;MILANO;VIA PISANI DOSSI;VIA CARLO ALBERTO PISANI DOSSI;SETTIMANALE;LUNEDÌ;;07:30;14:00;01-gen;31-dic;1999;;14;22;36;211;178.5;389.5;0;0;0
100507;15;MI;15146;MILANO;VIA STRESA;VIA STRESA;SETTIMANALE;VENERDÌ;;07:30;14:00;01-gen;31-dic;2000;;43;51;94;725.4;653.7;1379.1;0;1;0
100458;15;MI;15146;MILANO;VIA CESARIANO (GIOVEDI);VIA CESARE CESARIANO;SETTIMANALE;GIOVEDÌ;;07:30;14:00;01-gen;31-dic;2002;;31;21;52;346.5;418.5;765;0;1;0
841598;15;MI;15081;COLOGNO MONZESE;VIA PAPA GIOVANNI XXIII;VIA PAPA GIOVANNI XXIII;SETTIMANALE;MARTEDÌ;;08:00;13:00;;;1985;;36;54;90;1393;1102;2495;0;0;0
100597;15;MI;15209;SESTO SAN GIOVANNI;VIA FIORANI;VIA CRAXI;SETTIMANALE;MARTEDÌ;;07:00;13:00;;;;;4;3;7;90;120;210;0;0;0
100602;15;MI;15209;SESTO SAN GIOVANNI;VIA PADOVANI;VIA PADOVANI;SETTIMANALE;MERCOLEDÌ;;07:00;13:00;;;;;4;3;7;125;120;245;0;0;0
100590;15;MI;15209;SESTO SAN GIOVANNI;PIAZZA FARUFFINI;PIAZZA FARUFFINI;SETTIMANALE;VENERDÌ;;07:00;13:00;;;;;5;0;5;0;150;150;0;0;0
100598;15;MI;15209;SESTO SAN GIOVANNI;VIA FORLI' (GIOVEDI);VIA FORLI';SETTIMANALE;GIOVEDÌ;;07:00;13:00;;;;;5;5;10;150;150;300;0;0;0
100595;15;MI;15209;SESTO SAN GIOVANNI;VIA CAVALLOTTI;VIA CAVALLOTTI;SETTIMANALE;VENERDÌ;;07:00;13:00;;;;;9;10;19;305;290;595;0;0;0
100460;15;MI;15146;MILANO;VIA CICCOTTI;VIA ETTORE CICCOTTI;SETTIMANALE;SABATO;;07:30;18:00;01-gen;31-dic;2000;;34;31;65;394;675;1069;0;1;0
100461;15;MI;15146;MILANO;VIA ZOAGLI;VIA ADELE ZOAGLI;SETTIMANALE;VENERDÌ;;07:30;14:00;01-gen;31-dic;1998;;17;47;64;1250;410.5;1660.5;0;0;0
100627;15;MI;15243;VITTUONE;PIAZZA SIRONI;PIAZZA DON GIOVANNI SIRONI;SETTIMANALE;GIOVEDÌ;;08:00;13:00;;;;2004;11;31;42;1345;445;1790;0;2;1
100538;15;MI;15170;PERO;PIAZZA S. GIUSEPPE;PIAZZALE SAN GIUSEPPE;SETTIMANALE;GIOVEDÌ;;07:30;13:00;;;1995;;24;37;61;1325;887.25;2212.25;0;1;1
529464;15;MI;15224;TRUCCAZZANO;PARCHEGGIO VIA A. MORO;VIA ALDO MORO, SNC;SETTIMANALE;SABATO;;08:00;14:00;;;;PRIMI '900;1;2;3;105;32;137;0;0;1
9991340;15;MI;15209;SESTO SAN GIOVANNI;DE ZORZI;VIA DE ZORZI;SETTIMANALE;GIOVEDÌ;;07:00;13:00;;;;;12;11;23;279.3;327;606.3;0;0;0
27248;15;MI;15195;SAN GIULIANO MILANESE;MERCATO SERENELLA;VIA PAPA GIOVANNI XXIII;SETTIMANALE;MARTEDÌ;;07:30;13:30;;;2005;;10;10;20;268;331;599;0;1;0
529811;15;MI;15101;DRESANO;MERCATO SETTIMANALE DEL MARTEDI' PRESSO IL PARCHEGGIO DI VIA LEONARDO DA VINCI - PIAZZA EUROPA;VIA LEONARDO DA VINCI;SETTIMANALE;MARTEDÌ;;07:00;14:00;;;2001;;8;7;15;325;318;643;0;1;0
100615;15;MI;15221;TREZZO SULL'ADDA;MERCATO SETTIMANALE;VIA CAMILLO BENSO CAVOUR;;;;;;;;;;;;;;;;;;
9991261;15;MI;15183;ROBECCHETTO CON INDUNO;MERCATO SETTIMANALE;MANZONI/PIAZZA DEL POPOLO;SETTIMANALE;LUNEDÌ;;07:30;12:30;;;;;12;5;17;160;384;544;0;1;0
100603;15;MI;15209;SESTO SAN GIOVANNI;VIA RONDINELLA;ALFIERI/MONTI/TOTI/BALILLA;SETTIMANALE;SABATO;;07:00;13:00;;;;;20;95;115;2979;667;3646;0;2;0
100426;15;MI;15140;MELEGNANO;PIAZZA MATTEOTTI/PIAZZA IV NOVEMBRE (DOMENICA);PIAZZA GIACOMO MATTEOTTI;;;;;;;;;;;;;;;;;;
100427;15;MI;15140;MELEGNANO;PIAZZA MATTEOTTI/VIA ROMA (GIOVEDI);PIAZZA GIACOMO MATTEOTTI;;;;;;;;;;;;;;;;;;
100544;15;MI;15172;PESSANO CON BORNAGO;VIA ROMA - VIA DELLA FILANDA;VIA ROMA;;;;;;;;;;;;;;;;;;
64218;15;MI;15237;VIGNATE;MERCATO SETTIMANALE DEL MERCOLEDI';VIA ROMA;;;;;;;;;;;;;;;;;;
100578;15;MI;15195;SAN GIULIANO MILANESE;BORGOLOMBARDO;VIA G.PINCIROLI;;;;;;;;;;;;;;;;;;
100599;15;MI;15209;SESTO SAN GIOVANNI;VIA FORLI' (LUNEDI);VIA FORLI';SETTIMANALE;LUNEDÌ;;07:00;13:00;;;;;3;5;8;150;90;240;0;0;0
100561;15;MI;15182;RHO;MERCATO STORICO DEL LUNEDI';PIAZZA VISCONTI;;;;;;;;;;;;;;;;;;
100596;15;MI;15209;SESTO SAN GIOVANNI;VIA F.LLI DI DIO;VIA F.LLI DI DIO;SETTIMANALE;GIOVEDÌ;;07:00;13:00;;;;;2;0;2;0;60;60;0;0;0
100429;15;MI;15142;MELZO;MERCATO DEL MARTEDI';VIALE EUROPA;SETTIMANALE;MARTEDÌ;;07:00;12:30;;;;SI PRESUME GIA' ESISTENTE DOPO GLI ANNI 50;38;102;140;270;30;300;0;3;0
100536;15;MI;15168;PARABIAGO;VILLASTANZA;VIA MAGENTA;SETTIMANALE;MARTEDÌ;;07:30;13:30;;;1970;;7;6;13;230;260;490;1;1;1
100591;15;MI;15209;SESTO SAN GIOVANNI;SESTO NUOVO;BARACCA/BANDIERA/FERRARI/ST.DENI;SETTIMANALE;SABATO;;07:00;13:00;;;;;52;125;177;3717;1618;5335;0;2;1
100583;15;MI;15200;SANTO STEFANO TICINO;P.ZZA MERCATO;VIA ALESSANDRO MANZONI;;;;;;;;;;;;;;;;;;
100343;15;MI;15026;BOFFALORA SOPRA TICINO;PIAZZA  I MAGGIO;PIAZZA I MAGGIO, 1;SETTIMANALE;GIOVEDÌ;;08:00;12:00;;;;Meta' '900;6;6;12;90;90;180;0;1;0
100617;15;MI;15224;TRUCCAZZANO;PIAZZA ROMA;PIAZZA ROMA, SNC;SETTIMANALE;SABATO;;08:00;14:00;;;;PRIMI '900;3;3;6;125;112.5;237.5;0;0;0
100539;15;MI;15171;PESCHIERA BORROMEO;FRAZIONE LINATE;VIA ARCHIMEDE;SETTIMANALE;GIOVEDÌ;;08:00;14:00;;;;primi '900;9;9;18;315;315;630;0;1;0
100543;15;MI;15171;PESCHIERA BORROMEO;FRAZIONE SAN BOVIO;VIA TOSCANA;SETTIMANALE;MERCOLEDÌ;;08:00;14:00;;;;primi '900;9;9;18;315;315;630;0;1;0
100540;15;MI;15171;PESCHIERA BORROMEO;MERCATO FRAZIONE ZELOFORAMAGNO SABATO MATTINA;VIA DON LUIGI STURZO;SETTIMANALE;SABATO;;08:00;14:00;;;;primi '900;22;39;61;1117.5;697.5;1815;0;1;1
529803;15;MI;15005;ALBAIRATE;MERCATO COMUNALE;PIAZZA PAOLO VI;SETTIMANALE;GIOVEDÌ;;08:00;12:30;;;2002;;9;10;19;370;370;740;0;1;0
95948;15;MI;15072;CERRO MAGGIORE;PIAZZA FORZE ARMATE;PIAZZA DELLE FORZE ARMATE;SETTIMANALE;MERCOLEDÌ;;07:00;14:00;;;;primi 900;18;40;58;1200;630;1830;0;1;0
100542;15;MI;15171;PESCHIERA BORROMEO;FRAZIONE MEZZATE;VIA DELLA RESISTENZA;SETTIMANALE;GIOVEDÌ;;13:00;17:00;;;;primi '900;7;8;15;280;245;525;0;1;0
100428;15;MI;15142;MELZO;MERCATO DEL SABATO;VIA ACHILLE INVERNIZZI;;;;;;;;;;;;;;;;;;
100358;15;MI;15044;CAMBIAGO;VIA MONTELLO;MONTELLO;SETTIMANALE;LUNEDÌ;;08:00;14:00;;;;PRIMI '900;9;23;32;935;337.5;1272.5;0;1;0
100370;15;MI;15062;CASTANO PRIMO;MERCATO SETTIMANALE DEL SABATO;PIAZZA G.ARDIZZONE, SNC;SETTIMANALE;SABATO;;07:00;13:30;;;;N.D.;20;0;20;0;815;815;0;0;0
100368;15;MI;15062;CASTANO PRIMO;MERCATO SETTIMANALE DEL GIOVEDI';PIAZZA G.ARDIZZONE, SNC;SETTIMANALE;GIOVEDÌ;;07:00;13:30;01-gen;31-dic;;primi '800;21;64;85;1785;815;2600;0;1;0
100375;15;MI;15074;CESANO BOSCONE;PIAZZA FALCONE;PIAZZA GIOVANNI FALCONE;SETTIMANALE;MERCOLEDÌ;;08:00;13:30;;;;anni '80;38;77;115;2600;1277.25;3877.25;0;2;2
528947;15;MI;15146;MILANO;ADRIANO;VIA PUBLIO ELIO ADRIANO;SETTIMANALE;SABATO;;07:30;14:00;01-gen;31-dic;2002;;6;3;9;5.5;119.5;125;0;0;0
529824;15;MI;15146;MILANO;VIA AMPERE;VIA ANDREA MARIA AMPERE;SETTIMANALE;GIOVEDÌ;;07:30;14:00;01-gen;31-dic;1999;;92;94;186;1204;1219;2423;0;3;0
100338;15;MI;15012;BAREGGIO;VIA  S. SEBASTIANO;VIA VITTIME TORRI GEMELLE;SETTIMANALE;LUNEDÌ;;07:00;14:00;;;;anni '50;9;25;34;700;280;980;0;1;0
100337;15;MI;15012;BAREGGIO;PIAZZA CAVOUR;PIAZZA CAVOUR;SETTIMANALE;GIOVEDÌ;;07:00;14:00;;;;anni '50;19;46;65;1380;570;1950;0;1;2
100376;15;MI;15074;CESANO BOSCONE;VIA KULISCIOFF;VIA ANNA KULISCIOFF;SETTIMANALE;LUNEDÌ;;08:00;13:30;;;;anni '90;10;17;27;497.5;285;782.5;0;1;0
100624;15;MI;15248;VILLA CORTESE;PIAZZA MAZZUCCHELLI;PIAZZA MAZZUCCHELLI, SN;SETTIMANALE;VENERDÌ;;07:00;13:00;;;;CIRCA VENT'ANNI;8;23;31;980;385;1365;0;1;1
100391;15;MI;15086;CORMANO;VIA EUROPA;VIA EUROPA;SETTIMANALE;VENERDÌ;;07:30;13:30;;;1997;;18;34;52;1300.8;643.6;1944.4;0;1;0
19090;15;MI;15086;CORMANO;PIAZZA BERLINGUER;PIAZZA ENRICO BERLINGUER;SETTIMANALE;SABATO;;07:30;13:30;;;;1900;23;67;90;2236;894;3130;0;1;0
100402;15;MI;15103;GAGGIANO;VIA DE GASPERI;VIA DE GASPERI;SETTIMANALE;SABATO;;07:30;13:00;;;;1948;16;28;44;954.5;495.1;1449.6;1;1;1
100628;15;MI;15251;VERMEZZO CON ZELO;PIAZZA ROMA EX ZELO SURRIGONE;PIAZZA ROMA;SETTIMANALE;LUNEDÌ;;07:00;13:00;;;;seconda meta 900;6;8;14;296;192;488;1;1;1
110153;15;MI;15251;VERMEZZO CON ZELO;MERCATO DI VIA ROMA EX VERMEZZO;VIA ROMA;SETTIMANALE;VENERDÌ;;07:00;13:00;;;;seconda meta 900;8;9;17;291;313;604;0;0;0
31198;15;MI;15098;CUSANO MILANINO;VIA MONTE GRAPPA CENTRO;MONTE GRAPPA;SETTIMANALE;GIOVEDÌ;;08:00;13:00;01-gen;31-dic;;ANNI '80;36;141;177;4835.5;1385.5;6221;0;1;2
100525;15;MI;15151;MOTTA VISCONTI;MERCATO SETTIMANALE;VIA PAPA GIOVANNI XXIII;;;;;;;;;;;;;;;;;;
100600;15;MI;15209;SESTO SAN GIOVANNI;VIA MILANO;VIA MILANO;SETTIMANALE;SABATO;;07:00;13:00;;;2022;;13;3;16;1125;445;1570;0;1;1
100581;15;MI;15195;SAN GIULIANO MILANESE;MERCATO CAPOLUOGO;VIA CAMPOVERDE;SETTIMANALE;SABATO;;07:30;13:30;;;;1950;30;61;91;2458.75;1117.4;3576.15;0;2;0
100444;15;MI;15146;MILANO;VIA BARIGOZZI-MAZZUCOTELLI;VIA ERMANNO BARIGOZZI;SETTIMANALE;MARTEDÌ;;07:30;14:00;01-gen;31-dic;2002;;9;9;18;356;150;506;0;0;0
529808;15;MI;15060;CASSINA DE PECCHI;VIA MILANO;VIA MILANO;SETTIMANALE;MARTEDÌ;;07:00;13:00;;;;ANNI 80;7;15;22;478;237;715;0;1;1
510737;15;MI;15060;CASSINA DE PECCHI;VIA I MAGGIO;VIA I MAGGIO;SETTIMANALE;SABATO;;07:00;13:00;;;;ANNI 70;7;0;7;0;168;168;0;0;0
302501;15;MI;15182;RHO;MERCATO DI TERRAZZANO;VIA MONSIGNOR ENRICO FUMAGALLI;SETTIMANALE;MERCOLEDÌ;;14:30;19:30;01-gen;31-dic;2013;;5;4;9;140;175;315;0;0;0
1317;15;MI;15146;MILANO;VIA LUCA GHINI;VIA LUCA GHINI;SETTIMANALE;LUNEDÌ;;07:30;14:00;01-gen;31-dic;2000;;20;19;39;408;357.25;765.25;0;0;0
146795;15;MI;15250;BARANZATE;PIAZZA BORSELLINO;;;;;;;;;;;;;;;;;;;
18090;15;MI;15072;CERRO MAGGIORE;CERRO MAGGIORE - PIAZZA BOLLATI;;;;;;;;;;;;;;;;;;;
18138;15;MI;15116;LAINATE;AREA EX PODERE TOSELLI;;;;;;;;;;;;;;;;;;;
100553;15;MI;15177;POZZO D'ADDA;CAPOLUOGO;;;;;;;;;;;;;;;;;;;
100518;15;MI;15146;MILANO;VIA ZAMAGNA/PARAVIA;VIA BERNARDO ZAMAGNA;SETTIMANALE;LUNEDÌ;;07:30;14:00;01-gen;31-dic;2002;;51;102;153;1456.3;956.45;2412.75;0;1;0
100499;15;MI;15146;MILANO;VIA ROMBON;VIA ROMBON;SETTIMANALE;GIOVEDÌ;;07:30;14:00;01-gen;31-dic;2000;;17;21;38;360;287.5;647.5;0;1;0
100485;15;MI;15146;MILANO;VIA NEERA;VIA ANNA NEERA;SETTIMANALE;VENERDÌ;;07:30;14:00;01-gen;31-dic;1998;;29;32;61;405.5;411;816.5;0;1;0
100505;15;MI;15146;MILANO;VIA SAPONARO (GRATOSOGLIO SUD);VIA MICHELE SAPONARO;SETTIMANALE;MARTEDÌ;;07:30;14:00;01-gen;31-dic;2002;;37;39;76;866;864;1730;0;1;0
100564;15;MI;15182;RHO;MERCATO DI BIRINGHELLO;VIA ANTONIO GRAMSCI;SETTIMANALE;VENERDÌ;;08:00;14:00;01-gen;31-dic;1988;;5;4;9;104;130;234;0;0;0
100422;15;MI;15134;MARCALLO CON CASONE;PIAZZA MACROOM;;;;;;;;;;;;;;;;;;;
100620;15;MI;15229;VANZAGO;MERCATO SETTIMANALE DEL MERCOLEDÌ;VIA DELLA FILANDA;SETTIMANALE;MERCOLEDÌ;;08:00;13:00;01-gen;31-dic;2005;;13;30;43;1135;525;1660;0;1;0
100378;15;MI;15076;CESATE;PIAZZA DELLA PACE;;;;;;;;;;;;;;;;;;;
100534;15;MI;15168;PARABIAGO;CAPOLUOGO;;;;;;;;;;;;;;;;;;;
100604;15;MI;15210;SETTALA;VIA VERDI;;;;;;;;;;;;;;;;;;;
100410;15;MI;15115;LACCHIARELLA;MERCATO SETTIMANALE SCOPERTO;VIA MILITE IGNOTO, SNC;SETTIMANALE;SABATO;;14:00;18:00;01-gen;31-dic;;metà '900;18;37;55;1371;640.7;2011.7;0;2;1
53570;15;MI;15158;NOVIGLIO;MERCATO COMUNALE;;;;;;;;;;;;;;;;;;;
100492;15;MI;15146;MILANO;VIA PARETO;VIA VILFREDO PARETO;SETTIMANALE;MERCOLEDÌ;;07:30;14:00;01-gen;31-dic;1997;;19;35;54;562;503;1065;0;0;0
58336;15;MI;15146;MILANO;RIPA DI PORTA TICINESE;RIPA DI PORTA TICINESE;SETTIMANALE;SABATO;;07:30;18:00;01-gen;31-dic;2014;;0;106;106;1670;0;1670;0;0;0
100437;15;MI;15146;MILANO;VIA ANTONA TRAVERSI;VIA FRATELLI CAMILLO E GIANNINO ANTONA TRAVERSI;SETTIMANALE;GIOVEDÌ;;07:30;14:00;01-gen;31-dic;1997;;83;107;190;1157;902.5;2059.5;0;1;0
100451;15;MI;15146;MILANO;VIA BORSI;VIA GIOSUE' BORSI;SETTIMANALE;MERCOLEDÌ;;07:30;14:00;01-gen;31-dic;2002;;14;14;28;235;224.5;459.5;0;0;0
100470;15;MI;15146;MILANO;VIA EUSTACHI;VIA BARTOLOMEO EUSTACHI;SETTIMANALE;MARTEDÌ;;07:30;14:00;01-gen;31-dic;2002;;60;58;118;662;905.75;1567.75;0;0;0
100395;15;MI;15093;CORSICO;VIA CURIEL;VIA EUGENIO CURIEL;SETTIMANALE;MARTEDÌ;;07:30;13:30;;;;1965;23;36;59;779;1131.25;1910.25;0;1;0
100546;15;MI;15173;PIEVE EMANUELE;PIAZZA PUCCINI;PIAZZA GIACOMO PUCCINI;SETTIMANALE;VENERDÌ;;07:30;13:00;;;1975;;15;35;50;910;390;1300;0;1;0
100496;15;MI;15146;MILANO;VIA PONTI ETTORE;VIA ETTORE PONTI;SETTIMANALE;LUNEDÌ;;07:30;14:00;01-gen;31-dic;1998;;63;71;134;741.4;908.4;1649.8;0;1;0
100510;15;MI;15146;MILANO;VIA TONEZZA;VIA TONEZZA;SETTIMANALE;GIOVEDÌ;;07:30;14:00;01-gen;31-dic;1997;;43;62;105;1544;759.5;2303.5;0;1;0
522;15;MI;15093;CORSICO;PIAZZA PETRARCA GRUPPO B;PIAZZA FRANCESCO PETRARCA;QUINDICINALE;SABATO;1^ e 3^;07:30;13:30;;;;1985;16;40;56;1159.25;449.5;1608.75;0;1;1
100575;15;MI;15192;SAN DONATO MILANESE;VIA DI VITTORIO;VIA GIUSEPPE DI VITTORIO;SETTIMANALE;SABATO;;08:00;13:30;;;1984;;3;1;4;35;105;140;0;1;0
100352;15;MI;15036;BUCCINASCO;VIA BOLOGNA;;;;;;;;;;;;;;;;;;;
100438;15;MI;15146;MILANO;VIA ARCANGELI;VIA PACIFICO ARCANGELI;SETTIMANALE;SABATO;;07:30;14:00;01-gen;31-dic;1998;;15;16;31;243;201;444;0;1;0
100619;15;MI;15249;VANZAGHELLO;PIAZZA MERCATO;;;;;;;;;;;;;;;;;;;
100466;15;MI;15146;MILANO;VIA DE PREDIS (LUNEDI);VIA JACOPINO DA TRADATE;SETTIMANALE;LUNEDÌ;;07:30;14:00;01-gen;31-dic;1998;;50;167;217;2108;743;2851;0;2;0
100399;15;MI;15097;CUSAGO;VIA CISLIANO;;;;;;;;;;;;;;;;;;;
100339;15;MI;15014;BASIANO;VIA MICHELANGELO;VIA MICHELANGELO BUONARROTI;SETTIMANALE;SABATO;;08:30;13:00;;;1982;;4;5;9;154;111;265;0;1;0
100471;15;MI;15146;MILANO;VIA F.LLI DI DIO;VIA FRATELLI DI DIO;SETTIMANALE;VENERDÌ;;07:30;14:00;01-gen;31-dic;1999;;41;55;96;895.5;640.5;1536;0;1;0
100531;15;MI;15166;PADERNO DUGNANO;DUGNANO;;;;;;;;;;;;;;;;;;;
100334;15;MI;15009;ARESE;VIA MONVISO;VIA MONVISO, SNC;SETTIMANALE;SABATO;;08:00;13:00;;;1974;;42;91;133;3207.5;1536.25;4743.75;0;1;0
100387;15;MI;15081;COLOGNO MONZESE;SAN MAURIZIO;VIA POLONIA;;;;;;;;;;;;;;;;;;
100362;15;MI;15055;CASARILE;VIA PUCCINI;;;;;;;;;;;;;;;;;;;
100500;15;MI;15146;MILANO;VIA S. MINIATO;VIA SAN MINIATO;SETTIMANALE;MARTEDÌ;;07:30;14:00;01-gen;31-dic;2000;;25;27;52;331;375;706;0;0;0
100506;15;MI;15146;MILANO;VIA SEGNERI;VIA PAOLO SEGNERI;SETTIMANALE;GIOVEDÌ;;07:30;14:00;01-gen;31-dic;2002;;72;89;161;1055;1169;2224;0;2;0
100442;15;MI;15146;MILANO;VIA ARPINO;VIA ENZO FERRIERI;SETTIMANALE;LUNEDÌ;;07:30;14:00;01-gen;31-dic;2000;;9;9;18;378;180;558;0;1;0
100567;15;MI;15188;ROSATE;VIA GARIBALDI;;;;;;;;;;;;;;;;;;;
100462;15;MI;15146;MILANO;VIA CREMA-PIACENZA;VIA CREMA;SETTIMANALE;VENERDÌ;;07:30;14:00;01-gen;31-dic;2002;;64;150;214;1815;1366;3181;0;2;0
100457;15;MI;15146;MILANO;VIA CATONE;VIA MARCO PORZIO CATONE;SETTIMANALE;VENERDÌ;;07:30;14:00;01-gen;31-dic;1998;;65;83;148;1076.9;833.4;1910.3;0;1;0
100441;15;MI;15146;MILANO;VIA ARISTOTELE;VIA ARISTOTELE;SETTIMANALE;SABATO;;07:30;14:00;01-gen;31-dic;1998;;25;28;53;456;396;852;0;1;0
100357;15;MI;15041;BUSTO GAROLFO;PIAZZA MERCATO;PIAZZA DEL MERCATO;SETTIMANALE;VENERDÌ;;08:00;12:00;01-gen;31-dic;1937;;26;63;89;2376;887;3263;0;3;3
100381;15;MI;15077;CINISELLO BALSAMO;VIA CILEA;VIA FRANCESCO CILEA;SETTIMANALE;SABATO;;08:00;13:00;;;1990;;15;36;51;1099.2;487.2;1586.4;0;1;0
100535;15;MI;15168;PARABIAGO;RAVELLO;VIA GIACOMO WATT;SETTIMANALE;MARTEDÌ;;07:30;13:30;;;1979;;8;12;20;470;300;770;1;1;1
100416;15;MI;15122;LISCATE;PIAZZA SAN FRANCESCO;;;;;;;;;;;;;;;;;;;
100519;15;MI;15146;MILANO;VIA ZURETTI;VIA GIANFRANCO ZURETTI;SETTIMANALE;MERCOLEDÌ;;07:30;14:00;01-gen;31-dic;1999;;51;56;107;754;712.5;1466.5;0;0;0
100486;15;MI;15146;MILANO;VIA OGLIO;VIA OGLIO;SETTIMANALE;SABATO;;07:30;14:00;01-gen;31-dic;1998;;29;31;60;480;447;927;0;2;0
500001;15;MI;15105;GARBAGNATE MILANESE;MERCATO SETTIMANALE PIAZZA DELLA CROCE;PIAZZA DELLA CROCE;SETTIMANALE;MARTEDÌ;;14:30;19:00;01-gen;31-dic;2014;;4;3;7;75;105;180;2;0;0
100452;15;MI;15146;MILANO;VIA C.BARONI (GRATOSOGLIO NORD);VIA GRATOSOGLIO;SETTIMANALE;VENERDÌ;;07:30;14:00;01-gen;31-dic;1998;;37;38;75;595.25;651.6;1246.85;0;1;0
100398;15;MI;15096;CUGGIONO;PIAZZA S. D'ACQUISTO;;;;;;;;;;;;;;;;;;;
100502;15;MI;15146;MILANO;VIA S.TERESA;VIA SANTA TERESA;SETTIMANALE;LUNEDÌ;;07:30;14:00;01-gen;31-dic;2000;;19;39;58;1076;497;1573;0;1;0
100549;15;MI;15175;PIOLTELLO;LIMITO VIE PALERMO/PUGLIE/GRAMSCI;;;;;;;;;;;;;;;;;;;
712296;15;MI;15118;LEGNANO;MERCATO CENTRALE VIA CASTELLO;VIALE DEL CASTELLO;SETTIMANALE;MARTEDÌ;;08:00;17:00;;;;SPOSTAMENTO ANNO 2000;36;111;147;4214;1330;5544;0;2;3
100446;15;MI;15146;MILANO;VIA BENEDETTO MARCELLO (MARTEDI);VIA BENEDETTO MARCELLO;SETTIMANALE;MARTEDÌ;;07:30;14:00;01-gen;31-dic;1998;;83;93;176;1210.25;1336.75;2547;0;1;0
100584;15;MI;15204;SEDRIANO;PIAZZA MERCATO;;;;;;;;;;;;;;;;;;;
100563;15;MI;15182;RHO;MERCATO DI MAZZO;VIA GIUSEPPE SARTIRANA;SETTIMANALE;SABATO;;06:00;14:00;01-gen;31-dic;1982;;5;5;10;130;130;260;0;1;0
100421;15;MI;15131;MAGNAGO;VIA DELLA CHIESA FR. BIENATE;;;;;;;;;;;;;;;;;;;
529810;15;MI;15099;DAIRAGO;PIAZZA SAN FRANCESCO DELLA CROCE;;;;;;;;;;;;;;;;;;;
100353;15;MI;15036;BUCCINASCO;VIA EMILIA;;;;;;;;;;;;;;;;;;;
100386;15;MI;15081;COLOGNO MONZESE;SAN GIULIANO;VIA DOTTORE CARLO DALL'ACQUA;;;;;;;;;;;;;;;;;;
100514;15;MI;15146;MILANO;VIA VALVASSORI PERONI;VIA CARLO VALVASSORI PERONI;SETTIMANALE;SABATO;;07:30;18:00;01-gen;31-dic;1998;;104;91;195;2240;2465.25;4705.25;0;1;0
100480;15;MI;15146;MILANO;VIA KRAMER;VIA ANTONIO KRAMER;SETTIMANALE;LUNEDÌ;;07:30;14:00;01-gen;31-dic;2000;;44;48;92;588;594.25;1182.25;0;1;0
100474;15;MI;15146;MILANO;VIA FAUCHE' (SABATO);VIA GIOVANNI BATTISTA FAUCHE';SETTIMANALE;SABATO;;07:30;18:00;01-gen;31-dic;2002;;56;94;150;1843;1036.45;2879.45;0;1;0
100432;15;MI;15146;MILANO;P.LE MARTINI FERDINANDO;PIAZZALE FERDINANDO MARTINI;SETTIMANALE;MERCOLEDÌ;;07:30;14:00;01-gen;31-dic;2000;;114;232;346;2990.45;1632.25;4622.7;0;1;0
100348;15;MI;15027;BOLLATE;MERCATO DEL SABATO;PIAZZA ALESSANDRO NATTA;SETTIMANALE;SABATO;;08:00;13:00;;;;primi anni '70;17;31;48;1065;582.5;1647.5;0;1;0
402509;15;MI;15059;CASSANO D'ADDA;PIAZZA BEATO SPINELLI - CASCINE SAN PIETRO;;;;;;;;;;;;;;;;;;;
100467;15;MI;15146;MILANO;VIA DEI GUARNERI;VIA DEI GUARNERI;SETTIMANALE;VENERDÌ;;07:30;14:00;01-gen;31-dic;1997;;18;20;38;264;250.5;514.5;0;1;0
100509;15;MI;15146;MILANO;VIA TABACCHI;VIA ODOARDO TABACCHI;SETTIMANALE;SABATO;;07:30;15:00;01-gen;31-dic;1997;;64;42;106;1021;1418;2439;0;2;0
100479;15;MI;15146;MILANO;VIA GIUSSANI;VIA CAMILLO GIUSSANI;SETTIMANALE;MERCOLEDÌ;;07:30;14:00;01-gen;31-dic;2000;;18;18;36;336;447;783;0;1;0
921;15;MI;15169;PAULLO;MERCATO INFRASETTIMANALE DEL MERCOLEDI';VIA MILANO;SETTIMANALE;MERCOLEDÌ;;08:00;12:30;;;;;5;5;10;140;140;280;1;0;1
100394;15;MI;15093;CORSICO;PIAZZA PETRARCA GRUPPO A;PIAZZA FRANCESCO PETRARCA;QUINDICINALE;SABATO;1^ e 3^;07:30;13:30;;;;1987;16;41;57;995.5;614.25;1609.75;0;1;1
100491;15;MI;15146;MILANO;VIA PALMI;VIA PALMI;SETTIMANALE;LUNEDÌ;;07:30;14:00;01-gen;31-dic;1999;;31;34;65;786.35;509.25;1295.6;0;0;0
60718;15;MI;15071;CERRO AL LAMBRO;PIAZZA SAN PIO DA PIETRALCINA;;;;;;;;;;;;;;;;;;;
100335;15;MI;15010;ARLUNO;VIA DEPORTATI DI MAUTHAUSEN;;;;;;;;;;;;;;;;;;;
100550;15;MI;15175;PIOLTELLO;SEGGIANO VIA DEL SANTUARIO;VIA DEL SANTUARIO;SETTIMANALE;MERCOLEDÌ;;14:00;18:30;;;1976;;15;31;46;864.8;414;1278.8;0;1;0
100524;15;MI;15146;MILANO;VIALE UNGHERIA;VIALE UNGHERIA;SETTIMANALE;GIOVEDÌ;;07:30;14:00;01-gen;31-dic;1999;;27;65;92;828.2;369;1197.2;0;0;0
85963;15;MI;15087;CORNAREDO;SAN PIETRO ALL'OLMO;VIA PASUBIO, SNC;SETTIMANALE;MARTEDÌ;;07:30;13:30;;;;anni '70;17;54;71;2290;404;2694;0;1;0
100495;15;MI;15146;MILANO;VIA PISTOIA;VIA PISTOIA;SETTIMANALE;VENERDÌ;;07:30;14:00;01-gen;31-dic;1998;;22;11;33;420;180;600;0;1;0
100361;15;MI;15051;CARUGATE;PIAZZA ALDO MORO / VIA SAN FILIPPO NERI;PIAZZA ALDO MORO;;;;;;;;;;;;;;;;;;
100372;15;MI;15070;CERNUSCO SUL NAVIGLIO;VIA VOLTA;VIA ALESSANDRO VOLTA;SETTIMANALE;SABATO;;07:30;13:00;;;1986;;12;14;26;406;344;750;0;1;0
100513;15;MI;15146;MILANO;VIA VAL MAIRA;VIA VAL MAIRA;SETTIMANALE;GIOVEDÌ;;07:30;14:00;01-gen;31-dic;2000;;81;82;163;1254.5;1545.5;2800;0;2;0
100555;15;MI;15178;POZZUOLO MARTESANA;VIA UMBERTO PRIMO;;;;;;;;;;;;;;;;;;;
100447;15;MI;15146;MILANO;VIA BENEDETTO MARCELLO (SABATO);VIA BENEDETTO MARCELLO;SETTIMANALE;SABATO;;07:30;16:00;01-gen;31-dic;1998;;92;97;189;1307;1340.75;2647.75;0;0;0
100445;15;MI;15146;MILANO;VIA BENACO;VIA BENACO;SETTIMANALE;VENERDÌ;;07:30;14:00;01-gen;31-dic;1998;;13;17;30;320;272;592;0;0;0
100529;15;MI;15159;OPERA;PIAZZA XXV APRILE;;;;;;;;;;;;;;;;;;;
100559;15;MI;15182;RHO;MERCATO DI PASSIRANA;VIA BRUNO BUOZZI;SETTIMANALE;VENERDÌ;;15:00;19:30;01-gen;31-dic;1991;;3;6;9;210;105;315;0;0;0
100434;15;MI;15146;MILANO;PIAZZA BONOLA (VENERDI);PIAZZA FEDERICO BONOLA;SETTIMANALE;VENERDÌ;;07:30;14:00;01-gen;31-dic;2000;;66;59;125;1189;1304;2493;0;1;0
100440;15;MI;15146;MILANO;VIA ARIOLI VENEGONI;VIA ARIOLI VENEGONI;SETTIMANALE;MARTEDÌ;;07:30;14:00;01-gen;31-dic;2000;;15;28;43;630;298;928;0;1;0
501584;15;MI;15226;TURBIGO;PIAZZA MADONNA DELLA LUNA;;;;;;;;;;;;;;;;;;;
712296;15;MI;15118;LEGNANO;MERCATO CENTRALE VIA CASTELLO;VIALE DEL CASTELLO;SETTIMANALE;SABATO;;08:00;17:00;;;;SPOSTAMENTO ANNO 2000;36;111;147;4214;1330;5544;0;2;3
100397;15;MI;15093;CORSICO;VIA MONTELLO GRUPPO A;VIA MONTELLO;QUINDICINALE;SABATO;1^ e 3^;07:30;13:30;;;;1987;16;41;57;1237.75;493.5;1731.25;0;1;1
100548;15;MI;15175;PIOLTELLO;PIOLTELLO PIAZZA DEL MERCATO;;;;;;;;;;;;;;;;;;;
100537;15;MI;15169;PAULLO;PIAZZA SAN TARCISIO;VIA MARTIRI DI VILLA POMPEIANA;SETTIMANALE;SABATO;;14:00;18:00;;;1990;;15;64;79;1792;420;2212;0;2;0
100487;15;MI;15146;MILANO;VIA ORBETELLO;VIA ORBETELLO;SETTIMANALE;GIOVEDÌ;;07:30;14:00;01-gen;31-dic;1997;;21;23;44;276;303.5;579.5;0;1;0
69009;15;MI;15116;LAINATE;MERCATO DELLE FRAZIONI BARBAIANA;;;;;;;;;;;;;;;;;;;
100503;15;MI;15146;MILANO;VIA SAN MARCO (GIOVEDI);VIA SAN MARCO;SETTIMANALE;GIOVEDÌ;;07:30;14:00;01-gen;31-dic;2000;;24;24;48;325;316.5;641.5;0;1;0
100562;15;MI;15182;RHO;MERCATO DI LUCERNATE;VIA VERBANIA;SETTIMANALE;GIOVEDÌ;;14:30;19:30;01-gen;31-dic;2013;;5;4;9;140;175;315;0;0;0
100420;15;MI;15131;MAGNAGO;PIAZZA S. PERTINI;;;;;;;;;;;;;;;;;;;
100532;15;MI;15166;PADERNO DUGNANO;PALAZZOLO MILANESE;;;;;;;;;;;;;;;;;;;
100515;15;MI;15146;MILANO;VIA VASARI;GIORGIO VASARI;SETTIMANALE;MARTEDÌ;;07:30;14:00;;;2000;;19;13;32;202.5;256.5;459;0;0;0
100468;15;MI;15146;MILANO;VIA DELLA RONDINE;VIA DELLA RONDINE;SETTIMANALE;SABATO;;07:30;14:00;01-gen;31-dic;2000;;28;37;65;570.75;549.9;1120.65;0;1;0
100453;15;MI;15146;MILANO;VIA CALATAFIMI;VIA CALATAFIMI;SETTIMANALE;GIOVEDÌ;;07:30;14:00;01-gen;31-dic;2000;;50;9;59;159;565.5;724.5;0;1;0
100417;15;MI;15125;LOCATE DI TRIULZI;PIAZZA CURIEL;;;;;;;;;;;;;;;;;;;
100330;15;MI;15002;ABBIATEGRASSO;PIAZZA L. SAMEK (VENERDI);PIAZZA E.SAMEK LODOVICI;;;;;;;;;;;;;;;;;;
529828;15;MI;15164;OSSONA;P.ZZA LITTA MODIGNANI;;;;;;;;;;;;;;;;;;;
100497;15;MI;15146;MILANO;VIA RANCATI;VIA ILARIONE RANCATI;SETTIMANALE;MERCOLEDÌ;;07:30;14:00;01-gen;31-dic;2000;;51;47;98;846;823;1669;0;1;0
100520;15;MI;15146;MILANO;VIALE GIOVANNI DA CERMENATE;VIALE GIOVANNI DA CERMENATE;SETTIMANALE;MERCOLEDÌ;;07:30;14:00;01-gen;31-dic;2000;;80;95;175;1321.8;1161.6;2483.4;0;1;0
100473;15;MI;15146;MILANO;VIA FAUCHE' (MARTEDI);VIA GIOVANNI BATTISTA FAUCHE';SETTIMANALE;MARTEDÌ;;07:30;14:00;01-gen;31-dic;1997;;60;81;141;1256;914.25;2170.25;0;1;0
100364;15;MI;15059;CASSANO D'ADDA;VIA ROSSINI;;;;;;;;;;;;;;;;;;;
100482;15;MI;15146;MILANO;VIA MARCO AURELIO;VIA MARCO AURELIO;SETTIMANALE;VENERDÌ;;07:30;14:00;01-gen;31-dic;1999;;81;151;232;1727.5;1008.5;2736;0;1;0
100556;15;MI;15179;PREGNANA MILANESE;VIA LEOPARDI;;;;;;;;;;;;;;;;;;;
100425;15;MI;15139;MEDIGLIA;MERCATO DI TRIGINTO;PIAZZA SANDRO PERTINI;SETTIMANALE;VENERDÌ;;08:00;13:00;01-gen;31-dic;1999;;8;10;18;375;270;645;0;1;0
100347;15;MI;15027;BOLLATE;MERCATO DEL VENERDÌ;VIA OSPITALETTO;SETTIMANALE;VENERDÌ;;14:00;18:00;;;;primi anni '70;7;7;14;245;245;490;0;1;0
100551;15;MI;15176;POGLIANO MILANESE;VIA EUROPA;VIA EUROPA;SETTIMANALE;VENERDÌ;;08:00;12:00;;;1983;;14;34;48;1402;505;1907;0;1;0
100456;15;MI;15146;MILANO;VIA CANALETTO;VIA CANALETTO;SETTIMANALE;VENERDÌ;;07:30;14:00;01-gen;31-dic;2000;;105;99;204;1325.55;1498.7;2824.25;0;2;0
100448;15;MI;15146;MILANO;VIA BENTIVOGLIO;VIA PAOLO BENTIVOGLIO;SETTIMANALE;MERCOLEDÌ;;07:30;14:00;01-gen;31-dic;1997;;41;48;89;654;603;1257;0;1;0
100350;15;MI;15032;BRESSO;MERCATO NORD;VIA PIERO GOBETTI, *;;;;;;;;;;;;;;;;;;
100408;15;MI;15113;INVERUNO;MERCATO SETTIMANALE DEL MERCOLEDI';VIA GAETANO TANZI MIRA, SNC;SETTIMANALE;MERCOLEDÌ;;07:00;14:00;;;;metà '900;13;28;41;1106.6;482.15;1588.75;0;1;0
100589;15;MI;15206;SENAGO;MERCATO DI PIAZZA ALDO MORO;PIAZZA ALDO MORO, SN;SETTIMANALE;LUNEDÌ;;08:00;13:00;01-gen;31-dic;1976;;40;112;152;4173;1607;5780;0;2;0
702879;15;MI;15146;MILANO;MERCATO SPERIMENTALE DI VIA VITTORINI QUARTIERE PONTE LAMBRO;VIA ELIO VITTORINI;SETTIMANALE;DOMENICA;;07:30;14:00;01-gen;31-dic;2015;;13;21;34;315;180;495;0;0;0
100528;15;MI;15157;NOVATE MILANESE;VIA GRAMSCI;;;;;;;;;;;;;;;;;;;
100331;15;MI;15002;ABBIATEGRASSO;PIAZZA L. SAMEK (SABATO);PIAZZA L. SAMEK;SETTIMANALE;SABATO;;08:00;13:00;01-gen;31-dic;;primi '900;14;23;37;784;474;1258;0;1;2
712338;15;MI;15184;ROBECCO SUL NAVIGLIO;CASTELLAZZO DE' BARZI;;;;;;;;;;;;;;;;;;;
100508;15;MI;15146;MILANO;VIA STROZZI;VIA PIERO STROZZI;SETTIMANALE;MARTEDÌ;;07:30;14:00;01-gen;31-dic;1999;;39;49;88;742;744;1486;0;1;0
100573;15;MI;15191;SAN COLOMBANO AL LAMBRO;VIA MAZZINI;;;;;;;;;;;;;;;;;;;
881;15;MI;15036;BUCCINASCO;VIA LOMELLINA;VIALE LOMELLINA, 33;SETTIMANALE;MARTEDÌ;;08:00;13:00;;;;;19;19;38;575;609;1184;1;1;1
100478;15;MI;15146;MILANO;VIA GARIGLIANO (SABATO);VIA GARIGLIANO;SETTIMANALE;SABATO;;07:30;18:00;01-gen;31-dic;2002;;59;135;194;1701.08;611.82;2312.9;0;0;0
529807;15;MI;15059;CASSANO D'ADDA;VIA CASSANO;;;;;;;;;;;;;;;;;;;
529452;15;MI;15194;SAN GIORGIO SU LEGNANO;P.ZA DELLA COSTITUZIONE;;;;;;;;;;;;;;;;;;;
93681;15;MI;15019;BERNATE TICINO;MERCATO SETTIMANALE;;;;;;;;;;;;;;;;;;;
100403;15;MI;15105;GARBAGNATE MILANESE;AREA MERCATO - VIA COMO;VIA COMO;SETTIMANALE;VENERDÌ;;07:30;13:00;01-gen;31-dic;;anni 50;37;113;150;3904.75;1309;5213.75;0;3;0
100483;15;MI;15146;MILANO;VIA MOMPIANI;VIA GIACINTO MOMPIANI;SETTIMANALE;MARTEDÌ;;07:30;14:00;01-gen;31-dic;2000;;68;151;219;2467.5;1198;3665.5;0;1;0
100523;15;MI;15146;MILANO;VIALE PAPINIANO (SABATO);VIALE PAPINIANO;SETTIMANALE;SABATO;;07:30;18:00;01-gen;31-dic;2002;;80;168;248;2740;1077;3817;0;1;0
41411;15;MI;15078;CISLIANO;PIAZZA DEL MERCATO;;;;;;;;;;;;;;;;;;;
100490;15;MI;15146;MILANO;VIA PAGANO;VIA MARIO PAGANO;SETTIMANALE;VENERDÌ;;07:30;14:00;01-gen;31-dic;2000;;26;45;71;490;405.5;895.5;0;0;0
100512;15;MI;15146;MILANO;VIA VAL DI LEDRO;VIA VAL DI LEDRO;SETTIMANALE;MERCOLEDÌ;;07:30;14:00;01-gen;31-dic;1998;;22;39;61;523.2;322.3;845.5;0;0;0
520;15;MI;15041;BUSTO GAROLFO;MERCATO FRAZ. OLCELLA;VIA PO;SETTIMANALE;LUNEDÌ;;08:00;14:00;01-gen;31-dic;2016;;4;3;7;108;144;252;1;0;0
100488;15;MI;15146;MILANO;VIA OSOPPO (GIOVEDI);VIA OSOPPO;SETTIMANALE;GIOVEDÌ;;07:30;14:00;01-gen;31-dic;2001;;68;126;194;1327;1057;2384;0;1;0
100419;15;MI;15130;MAGENTA;VIA MENTANA;VIA MENTANA, SC;SETTIMANALE;GIOVEDÌ;;08:00;13:00;01-gen;31-dic;1974;;4;0;4;0;109;109;0;0;0
100464;15;MI;15146;MILANO;VIA DE CAPITANI;VIA ROSA MASSARA DE CAPITANI;SETTIMANALE;MERCOLEDÌ;;07:30;14:00;01-gen;31-dic;2000;;44;53;97;798;634;1432;0;1;0
100383;15;MI;15077;CINISELLO BALSAMO;VIA PETRARCA;VIALE FRANCESCO PETRARCA;SETTIMANALE;MERCOLEDÌ;;08:00;13:00;;;1975;;29;38;67;1254.24;1001;2255.24;0;0;0
100355;15;MI;15038;BUSCATE;VIA S.PIETRO;;;;;;;;;;;;;;;;;;;
100621;15;MI;15230;VAPRIO D'ADDA;PIAZZA DEL MERCATO;VIA CADUTI;SETTIMANALE;GIOVEDÌ;;07:30;12:30;;;;anni 20 del '900;20;39;59;1296;681;1977;0;1;0
648951;15;MI;15195;SAN GIULIANO MILANESE;VIA DELLA REPUBBLICA;VIA DELLA REPUBBLICA;SETTIMANALE;GIOVEDÌ;;07:30;13:30;;;2008;;10;10;20;375;350;725;0;2;0
100516;15;MI;15146;MILANO;VIA VESPRI SICILIANI;VIA VESPRI SICILIANI;SETTIMANALE;MERCOLEDÌ;;07:30;14:00;01-gen;31-dic;1999;;71;77;148;1918.8;1671.4;3590.2;0;1;0
71801;15;MI;15222;TRIBIANO;VIA F.LLI CERVI;;;;;;;;;;;;;;;;;;;
100341;15;MI;15022;BESATE;VIA ADA NEGRI;;;;;;;;;;;;;;;;;;;
100521;15;MI;15146;MILANO;VIALE MONZA 325;VIALE MONZA;SETTIMANALE;MERCOLEDÌ;;07:30;14:00;01-gen;31-dic;2000;;33;28;61;504;546.3;1050.3;0;1;0
622327;15;MI;15146;MILANO;VIA MARIO PAGANO (DOMENICA);VIA MARIO PAGANO;SETTIMANALE;DOMENICA;;07:30;16:00;01-gen;31-dic;2014;;15;64;79;1005;270;1275;0;0;0
100469;15;MI;15146;MILANO;VIA DI RUDINI';VIA ANTONIO DI RUDINI';SETTIMANALE;GIOVEDÌ;;07:30;14:00;01-gen;31-dic;1997;;26;33;59;507;530.75;1037.75;0;1;0
100454;15;MI;15146;MILANO;VIA CALVI;VIA PIETRO CALVI;SETTIMANALE;GIOVEDÌ;;07:30;14:00;01-gen;31-dic;2000;;82;95;177;1765.7;1711.5;3477.2;0;1;0
100396;15;MI;15093;CORSICO;VIA DI VITTORIO;VIA GIUSEPPE DI VITTORIO;SETTIMANALE;SABATO;;07:30;13:30;;;;1970;24;37;61;1417.5;915;2332.5;0;1;1
100504;15;MI;15146;MILANO;VIA SAN MARCO (LUNEDI);VIA SAN MARCO;SETTIMANALE;LUNEDÌ;;07:30;14:00;01-gen;31-dic;1998;;24;24;48;297;329;626;0;1;0
100547;15;MI;15173;PIEVE EMANUELE;PIEVE CENTRO;;;;;;;;;;;;;;;;;;;
100558;15;MI;15181;RESCALDINA;VIA S. PELLICO;;;;;;;;;;;;;;;;;;;
100439;15;MI;15146;MILANO;VIA ARDISSONE;VIA FRANCESCO ARDISSONE;SETTIMANALE;SABATO;;07:30;14:00;01-gen;31-dic;2000;;22;17;39;423.5;523.25;946.75;0;0;0
100533;15;MI;15167;PANTIGLIATE;VIALE DI VITTORIO;;;;;;;;;;;;;;;;;;;
100329;15;MI;15002;ABBIATEGRASSO;PIAZZA L. SAMEK (MARTEDI);PIAZZA E.SAMEK LODOVICI;;;;;;;;;;;;;;;;;;
100498;15;MI;15146;MILANO;VIA ROGOREDO;VIA ROGOREDO;SETTIMANALE;SABATO;;07:30;14:00;01-gen;31-dic;2000;;13;17;30;260.5;214.5;475;0;0;0
100449;15;MI;15146;MILANO;PIAZZA BONOLA (MARTEDI);PIAZZA FEDERICO BONOLA;SETTIMANALE;MARTEDÌ;;07:30;14:00;01-gen;31-dic;1999;;66;59;125;1290.5;1311.5;2602;0;1;0
100465;15;MI;15146;MILANO;VIA DE PREDIS (GIOVEDI);VIA GIOVANNI AMBROGIO DE PREDIS;SETTIMANALE;GIOVEDÌ;;07:30;14:00;01-gen;31-dic;1998;;50;145;195;2050.2;857.05;2907.25;0;1;0
100566;15;MI;15184;ROBECCO SUL NAVIGLIO;PIAZZA MADRE TERESA DI CALCUTTA;;;;;;;;;;;;;;;;;;;
523;15;MI;15093;CORSICO;VIA MONTELLO GRUPPO B;VIA MONTELLO;QUINDICINALE;SABATO;2^ e 4^;07:30;13:30;;;;1985;16;40;56;1160.5;525.8;1686.3;0;1;1
89300;15;MI;15202;SAN ZENONE AL LAMBRO;MERCATO;;;;;;;;;;;;;;;;;;;
100455;15;MI;15146;MILANO;VIA CAMBINI;VIA LEONARDO CAMBINI;SETTIMANALE;LUNEDÌ;;07:30;14:00;01-gen;31-dic;1999;;52;59;111;934.5;785.5;1720;0;0;0
100333;15;MI;15007;ARCONATE;VIA PELLICO;;;;;;;;;;;;;;;;;;;
100477;15;MI;15146;MILANO;VIA GARIGLIANO (MARTEDI);VIA GARIGLIANO;SETTIMANALE;MARTEDÌ;;07:30;14:00;01-gen;31-dic;2002;;51;113;164;1577.72;722.5;2300.22;0;0;0
100363;15;MI;15058;CASOREZZO;PIAZZA  I  MAGGIO;;;;;;;;;;;;;;;;;;;
100443;15;MI;15146;MILANO;VIA ASMARA;VIA ASMARA;SETTIMANALE;SABATO;;07:30;14:00;01-gen;31-dic;2002;;19;20;39;233.5;41.5;275;0;0;0
100409;15;MI;15114;INZAGO;VIA DON STURZO;;;;;;;;;;;;;;;;;;;
100511;15;MI;15146;MILANO;VIA TRECHI;VIA SIGISMONDO TRECHI;SETTIMANALE;LUNEDÌ;;07:30;14:00;01-gen;31-dic;1998;;34;45;79;687;598.5;1285.5;0;1;0
100557;15;MI;15181;RESCALDINA;VIA DE AMICIS;;;;;;;;;;;;;;;;;;;
100430;15;MI;15144;MESERO;VIA MAGENTA;;;;;;;;;;;;;;;;;;;
100552;15;MI;15177;POZZO D'ADDA;BETTOLA;;;;;;;;;;;;;;;;;;;
100484;15;MI;15146;MILANO;VIA MORETTO DA BRESCIA;VIA MORETTO DA BRESCIA;SETTIMANALE;LUNEDÌ;;07:30;14:00;01-gen;31-dic;2002;;75;147;222;588;300;888;0;1;0
100423;15;MI;15136;MASATE;VIA ROMA;VIA ROMA;SETTIMANALE;VENERDÌ;;14:30;18:00;;;;presumibilmente 1983;3;4;7;128;115;243;0;1;0
100522;15;MI;15146;MILANO;VIALE PAPINIANO (MARTEDI);VIALE PAPINIANO;SETTIMANALE;MARTEDÌ;;07:30;14:00;01-gen;31-dic;1997;;65;158;223;2566;1071;3637;0;2;0
100389;15;MI;15085;CORBETTA;MERCATO SETTIMANALE DI P.ZZA I MAGGIO;PIAZZA I MAGGIO;SETTIMANALE;SABATO;;07:00;13:00;;;1921;;14;28;42;1136.5;484;1620.5;0;1;0
100351;15;MI;15032;BRESSO;MERCATO SUD;VIA EUGENIO VILLORESI, *;SETTIMANALE;MERCOLEDÌ;;07:30;13:30;01-gen;31-dic;1961;;12;20;32;590;392;982;0;0;0
100472;15;MI;15146;MILANO;VIA FALCK;VIA ENRICO FALCK;SETTIMANALE;SABATO;;07:30;14:00;01-gen;31-dic;1999;;41;48;89;1589;1188;2777;0;1;0
100489;15;MI;15146;MILANO;VIA OSOPPO (SABATO);VIA OSOPPO;SETTIMANALE;SABATO;;07:30;17:00;01-gen;31-dic;2001;;110;1;111;20;2407.5;2427.5;0;3;0
100346;15;MI;15027;BOLLATE;MERCATO DEL MARTEDÌ;PIAZZA DELLA RESISTENZA;SETTIMANALE;MARTEDÌ;;08:00;13:00;;;;primi anni '60;61;179;240;5376.5;2033;7409.5;0;2;0
703489;15;MI;15170;PERO;VIA GIOVANNA D'ARCO - CERCHIATE DI PERO;VIA GIOVANNA D'ARCO;SETTIMANALE;MARTEDÌ;;07:30;13:00;;;2014;;5;5;10;162.5;165;327.5;3;1;0
100517;15;MI;15146;MILANO;VIA VITTORELLI;VIA JACOPO VITTORELLI;SETTIMANALE;MERCOLEDÌ;;07:30;14:00;;;2002;;36;34;70;432.5;874.5;1307;0;0;0
100356;15;MI;15040;BUSSERO;MERCATO COMUNALE;PIAZZA DONATORI DEL SANGUE, 1;SETTIMANALE;GIOVEDÌ;;06:30;14:00;;;;;18;37;55;1292.5;635;1927.5;0;1;0
9991240;15;MI;15189;ROZZANO;MERCATO ROZZANO VECCHIO;VIA GIACOMO MATTEOTTI, 0;SETTIMANALE;LUNEDÌ;;08:00;13:30;;;;;5;3;8;90;225;315;0;0;0
680;15;MI;15189;ROZZANO;MERCATO DI PONTESESTO PIAZZA BERLINGUER;PIAZZA ENRICO BERLINGUER;SETTIMANALE;MERCOLEDÌ;;07:30;13:30;;;2017;;4;5;9;175;155;330;1;0;0
529449;15;MI;15189;ROZZANO;VIA  GRAMSCI;VIA ANTONIO GRAMSCI;SETTIMANALE;GIOVEDÌ;;13:30;18:30;;;2008;;3;3;6;90;90;180;0;0;0
100570;15;MI;15189;ROZZANO;A. MORO;PIAZZA ALDO MORO;SETTIMANALE;MARTEDÌ;;07:00;13:30;;;1980;;17;31;48;844.6;549;1393.6;0;0;0
529450;15;MI;15189;ROZZANO;GIOVANNI FOGLIA;PIAZZA GIOVANNI FOGLIA;SETTIMANALE;SABATO;;07:00;13:30;;;1975;;33;67;100;2729.75;1476;4205.75;1;1;1
100571;15;MI;15189;ROZZANO;P.ZZA FONTANA;PIAZZA FONTANA;SETTIMANALE;GIOVEDÌ;;07:00;13:30;;;2008;;8;15;23;480;295;775;0;0;0
336904;15;MI;15060;CASSINA DE PECCHI;PIAZZA DECORATI AL VALOR CIVILE / VIA PAPA GIOVANNI XXIII;PIAZZA DECORATI AL VALORE CIVILE;SETTIMANALE;VENERDÌ;;07:00;13:00;;;;ANNI 70;26;62;88;2014.5;780;2794.5;0;1;2
529813;15;MI;15108;GORGONZOLA;VIALE KENNEDY;VIA JOHN FITZGERALD KENNEDY;SETTIMANALE;LUNEDÌ;;06:00;14:00;;;;primi '900;26;83;109;2437.87;747.56;3185.43;0;1;0
100614;15;MI;15220;TREZZANO SUL NAVIGLIO;CURIEL;VIA EUGENIO CURIEL;SETTIMANALE;GIOVEDÌ;;08:00;14:00;;;;seconda metà 1900;21;41;62;1491.9;836.5;2328.4;0;0;1
712345;15;MI;15205;SEGRATE;VIA DE AMICIS;VIA EDMONDO DE AMICIS;SETTIMANALE;LUNEDÌ;;08:00;14:00;;;;primi anni '70;26;52;78;1754.72;822.8;2577.52;0;1;0
100586;15;MI;15205;SEGRATE;REDECESIO;VIA GIUSEPPE VERDI;SETTIMANALE;MERCOLEDÌ;;08:00;14:00;;;;primi anni '70;12;11;23;492;537.44;1029.44;0;0;0
54083;15;MI;15077;CINISELLO BALSAMO;MERCATO VENERDI';VIA SAN PAOLO;;;;;;;;;;;;;;;;;;
100382;15;MI;15077;CINISELLO BALSAMO;VIA GUARDI - BRAMANTE;VIA FRANCESCO GUARDI, 0;;;;;;;;;;;;;;;;;;
